task,bin_index,bin_lower,bin_upper,count,avg_confidence,accuracy,gap
novelty,0,0.0,0.2,0,0.0,0.0,0.0
novelty,1,0.2,0.4,0,0.0,0.0,0.0
novelty,2,0.4,0.6,1,0.5506786867062021,1.0,0.4493213132937979
novelty,3,0.6,0.8,1,0.6865874528244424,1.0,0.31341254717555755
novelty,4,0.8,1.0,1,0.9421010473180039,1.0,0.057898952681996074
