task,bin_index,bin_lower,bin_upper,count,avg_confidence,accuracy,gap
novelty,0,0.0,0.2,0,0.0,0.0,0.0
novelty,1,0.2,0.4,0,0.0,0.0,0.0
novelty,2,0.4,0.6,1,0.5865847352378467,1.0,0.4134152647621533
novelty,3,0.6,0.8,1,0.6599582385335804,1.0,0.3400417614664196
novelty,4,0.8,1.0,2,0.899965302559042,1.0,0.10003469744095805
