temperature,nll
0.5,0.29211802671699105
0.75,0.4220627573491585
1.0,0.5197412309237814
1.25,0.5951545479345136
1.5,0.6545565496809775
