temperature,nll
0.5,0.00649531372299089
0.75,0.03184000708233388
1.0,0.07215069123167829
1.25,0.11899112542039596
1.5,0.16709129413480922
